sample_id,split,simulated_cei,svr_predicted_cei,rf_predicted_cei,xgboost_predicted_cei,bo_svr_predicted_cei,bo_rf_predicted_cei,bo_xgboost_predicted_cei
D001,test,28.81984,29.9788385656189,29.9811204,30.4931526184082,29.6835002350167,29.6160748558387,29.4193000793457
D002,train,25.22716,26.2499569530431,25.666641,25.2278614044189,26.4064267041827,26.0805971307857,26.0988616943359
D003,train,34.68122,32.3152842510298,33.9730426,34.6811180114746,34.1297112063198,34.3258147403524,34.3808898925781
D004,train,29.18195,29.2817565502613,29.1652508,29.1817054748535,29.7365953722885,29.319868250688,29.1019706726074
D005,test,28.04515,28.328838315797,28.3480288,27.1771202087402,28.5934748762178,28.5471372712998,28.2703914642334
D006,train,25.57506,26.5603611955373,25.5246439,25.5755233764648,25.7495770296424,25.6415472383588,25.8461380004883
D007,train,27.60611,27.5060656366889,27.276291,27.6060428619385,27.7887803456527,27.2451842504272,27.3389091491699
D008,train,29.7773,29.4686530086551,29.5598086,29.7775077819824,28.9985333593959,29.6027626370498,29.7114658355713
D009,train,31.11451,31.0147245106587,31.2043074,31.1139640808106,31.0837257416379,31.5757756357069,30.8903560638428
D010,train,25.921,26.1770113095787,25.9435008,25.9212627410889,26.1861004191283,25.8694720375739,25.9723358154297
D011,test,28.92715,28.1562270937993,28.4388356,28.8664379119873,28.6769462020692,28.4448996263834,28.6397972106934
D012,test,28.93499,29.9945161998923,29.4526162,30.0019931793213,29.9068070047478,30.046864125731,30.0056114196777
D013,test,25.93031,27.4258851166867,26.5859055,26.4175186157227,27.1876918900556,26.831329895389,26.7552757263184
D014,train,30.1889,30.2892312120798,30.6291307,30.1889152526856,30.5092066414451,30.9502334904384,30.4070167541504
D015,train,30.27808,30.1780357074657,30.1449323,30.2781162261963,30.1205089653227,30.2662827690058,30.1699905395508
D016,train,25.3281,25.1084588346123,25.4235471,25.3281078338623,25.3416987782877,25.4269661839489,25.4252109527588
D017,train,28.39599,28.4962711012235,28.108409,28.3955821990967,28.0250737654763,28.0893691382276,27.9306316375732
D018,train,26.82407,27.3719323091092,27.1193097,26.8250904083252,27.7489391269013,27.2778605713674,27.4704895019531
D019,test,34.10694,30.4939049109618,35.7041293,33.9092559814453,34.0915184504842,35.487175998452,37.0209121704102
D020,train,28.64589,28.7964204292867,28.5804700999999,28.644905090332,28.1329001607637,28.3380001098596,28.8251228332519
D021,train,27.04849,27.8727672819541,27.2332494,27.0482845306396,27.8437801976335,27.2756615011337,27.3243675231934
D022,train,30.26828,27.0394650916303,28.9551289999999,30.2666835784912,27.1056234659632,28.2873296074679,28.4947834014893
D023,train,26.16796,29.3549520919626,27.5247896,26.1704330444336,29.6645332877166,28.1539972549243,28.2319469451904
D024,train,29.1207,29.504610225436,29.3768573,29.1214218139648,29.9894183501003,29.5404340716374,29.5292530059814
D025,train,25.54664,27.2818512570669,26.0281728,25.5470523834229,26.9206865072762,26.0994977494726,26.3134479522705
D026,train,28.94626,28.3805010785756,28.8227065,28.944730758667,28.5406558101215,28.7094824199034,28.7063941955566
D027,test,33.3886,31.3500717994363,33.2779629,33.1155624389648,32.5517726874837,33.2138910640695,34.2268867492676
D028,train,25.64513,26.7894809712184,25.7891508,25.6450939178467,26.2624728701854,26.0141348365814,26.1179046630859
D029,train,22.88545,25.9891886229679,23.6435584,22.885778427124,23.2560096021536,24.2124783362573,24.7336368560791
D030,train,29.03446,29.1811940164327,29.3208013,29.0346603393555,29.620867448007,29.1875187009191,29.1827411651611
D031,train,28.02408,27.6960276268806,27.8950581,28.0240478515625,27.5859308515391,27.7147987096395,27.5037574768066
D032,train,28.24997,27.7167908197972,27.5050622,28.2494640350342,27.6125903044934,27.3798666055302,27.6280479431152
D033,train,27.01909,27.1194948436269,26.8962519,27.0191497802734,26.7313311840876,26.9620115040107,27.0406131744385
D034,train,25.74607,26.4070885847726,25.62651,25.7460098266602,25.3755676227095,25.6022205654419,25.6779174804688
D035,train,29.58473,29.6704095489821,29.5476027,29.5850887298584,29.3227129234052,29.5741714831129,29.4875049591064
D036,train,26.25812,26.3634583160296,26.0199702,26.2592506408691,25.8871982708622,26.1248814372987,26.1250228881836
D037,test,29.79347,29.9960855365726,31.3011559,31.5039196014404,30.7826123614296,31.4425433245614,30.7106132507324
D038,train,30.0664,30.1546746913347,29.824683,30.063928604126,29.9034840128274,29.7703194083794,29.5939121246338
D039,train,27.58112,27.476155212345,27.1192803,27.5810375213623,27.232259546282,27.251917019166,27.3140907287598
D040,train,29.9488,29.5308607685543,29.5363278,29.9488754272461,29.3408099741564,29.6432409803609,29.4853496551514
D041,test,28.03486,28.5972958185233,27.2458473,26.9409999847412,27.1689759715114,27.0420630825593,27.6696701049805
D042,train,28.34405,28.2436708643224,28.264229,28.3450145721436,28.1580891202147,28.2037906057629,28.2230319976807
D043,test,29.20743,29.7596602422521,28.8015336,29.2060565948486,28.9144038226813,28.6939439410781,29.6598930358887
D044,train,35.84595,30.9558851008208,34.9982794,35.8457450866699,35.4746668846048,36.563110001548,35.406665802002
D045,train,27.58553,27.6859187300204,27.5737014,27.5858497619629,27.6705302144664,27.5287786138005,27.8319549560547
D046,test,24.24863,25.9587413657905,24.7055158,24.4932880401611,24.7510889519394,24.8017489483421,25.2302284240723
D047,train,28.03535,28.5424101454303,28.1650481,28.0369701385498,28.3650166218793,28.2298086659019,28.1372547149658
D048,test,27.04947,28.0623482382479,28.0424158,27.9063262939453,28.201936387919,27.9374798294555,27.8682079315186
D049,train,34.57146,32.0814386123271,34.5500715,34.5720901489258,36.3997731458671,35.4942387925696,35.3797798156738
D050,train,28.46067,28.4175618431218,28.3344901,28.4604206085205,28.2565135454356,28.2265335943617,28.4215793609619
D051,train,32.49729,32.1263023234052,32.7100284,32.49658203,32.1907537964244,32.8711228385636,32.9472503662109
D052,train,25.99695,26.0969843524327,25.6517548,25.9971389770508,25.4987087494777,25.6501651109824,25.9233245849609
D053,train,30.20556,29.1870073433585,29.5434426,30.2049503326416,28.7686715717673,29.4037036763239,29.1910552978516
D054,test,28.11228,29.0305344441354,28.4479986,29.6138095855713,28.7775285555375,28.5306507778141,28.7474880218506
D055,train,30.91165,31.0118442293548,30.9422603,30.9131031036377,31.0448553757673,31.1576823546455,30.8521690368652
D056,train,26.53154,26.4316304118374,26.7818271,26.531774520874,26.9286438515867,26.8053462519816,26.678747177124
D057,test,28.43568,28.2967748003359,27.9990704,28.1271648406982,28.4845305815824,28.3406991701529,28.1917629241943
D058,train,24.96207,25.6573713241157,25.2045759,24.9621448516846,25.9709167395671,25.2796502073443,25.4671421051025
D059,train,24.11535,25.3052997792447,24.4329435,24.1151638031006,24.0934039971054,24.4883101529068,24.9139175415039
D060,train,28.15344,28.7110953374949,28.2432325,28.1526603698731,28.8828505716673,28.3023108926331,28.3920879364014
D061,train,24.4461,25.0844138547139,24.8256344,24.4460544586182,25.3034439066892,24.9199826879362,24.9866199493408
D062,train,29.59404,29.3267571162439,29.3498338,29.5935688018799,29.6548450289239,29.2647631260065,29.3214836120606
D063,train,25.70344,26.0589762193948,25.8459565,25.7027969360352,26.0740238453066,26.0900269958486,26.0190677642822
D064,train,28.09807,28.4734757661329,28.1437233,28.0985298156738,28.5147267175378,28.260901715659,28.2948760986328
D065,train,27.1656,27.2653585655442,27.1497779,27.1650295257568,27.3373175214451,27.1809172844893,27.2542743682861
D066,train,25.46236,25.5526031850198,25.4790788,25.4624481201172,25.4257136682067,25.6785802773442,25.7031879425049
D067,train,27.68353,27.7832262111747,27.7048695,27.6826190948486,28.0419872882966,27.557325267622,27.4275035858154
D068,test,27.6899,27.3615355106757,27.8465579,28.1662693023682,27.9486292163422,28.015837444507,28.1405487060547
D069,train,42.71281,29.9999808888393,39.7192138,42.7119636535645,40.7316525130922,37.0500101591847,37.4402885437012
D070,train,27.8614,27.9135088983563,27.9195581,27.8613700866699,28.1455903125681,27.9239702271714,27.9162139892578
D071,test,29.76162,30.02733626,29.5018514,29.4788360595703,29.7131497054291,29.4156102322283,29.2110385894775
D072,train,32.12391,31.5149316970959,31.5334943,32.1237831115723,31.1519403378934,31.7960694629187,31.5890102386475
D073,train,29.90323,29.8103851812158,29.8893042,29.9037303924561,30.3276075055163,29.856792963247,29.6984748840332
D074,train,30.42949,30.2164029990878,30.4308718,30.4289779663086,30.2270468957467,30.5243625808393,30.5675258636475
D075,train,31.51876,29.6407202231505,30.5377702,31.5167999267578,30.0088921967874,30.0853993355086,30.1618633270264
D076,train,24.80429,27.2411664373851,26.0624973,24.8049144744873,28.1251089003006,26.6641776370017,26.6622104644775
D077,train,26.49479,27.0024143410156,26.4946087,26.4942722320557,27.2337519306481,26.5087363307602,26.591947555542
D078,train,33.64536,31.097677646646,33.1914877,33.6456642150879,31.8051386792096,33.0661640483316,33.958610534668
D079,train,29.06141,28.9610326968898,28.5352039,29.0613288879394,28.5463293675968,28.5375188632427,28.9638633728027
D080,train,24.96305,26.1515501018663,25.3125131,24.9632129669189,25.7903539435657,25.4216558714196,25.6753025054932
D081,train,29.77632,29.2385318599938,29.066359,29.7761287689209,28.7175237018329,28.9791180513917,29.2638835906982
D082,train,34.60331,29.6028023318933,33.3186623,34.60351563,29.6824462306332,32.2240938699691,32.2748107910156
D083,train,28.85757,26.8069476051621,27.4516424,28.8572883605957,25.2499328697795,27.2801913240653,27.9686508178711
D084,test,28.41853,28.3452232151929,28.5523784,28.7590999603271,28.7776097529561,28.5916623106709,28.6752700805664
D085,train,30.94644,30.8460152409535,31.7514512,30.9459209442139,30.9632502273695,31.6069538560371,31.1388092041016
D086,test,24.68914,27.5158843490175,27.9266533,28.3278141021729,27.3869585338791,28.0851754052867,27.3721199035644
D087,train,27.46548,27.3265420001993,27.3655788,27.4655246734619,26.7064424152973,27.2811428403853,27.3546981811523
D088,train,27.01321,26.9080946427213,26.83289,27.0098514556885,27.0814112501132,26.8421049850205,26.8986072540283
D089,test,26.99214,27.5031492639156,26.789868,26.4152393341064,27.1392146957684,26.8976379251962,27.5116882324219
D090,train,32.69966,31.5231105881016,32.4535771,32.6997528076172,31.3506039863898,32.5187904747162,32.5294647216797
D091,train,31.30169,31.1434477367734,31.6155693,31.3022441864014,31.1666389935905,31.5699168897489,31.9672470092773
D092,train,27.68108,27.6794560245992,27.1089952,27.6811695098877,26.2386382199004,27.1350273338493,27.3869037628174
D093,train,30.97584,30.8754613518209,31.1574193,30.9758567810059,30.4932418795639,31.143796625043,30.9069290161133
D094,test,26.28703,27.2324868123595,27.58896,28.2502498626709,27.4999588562503,27.630131436131,27.2469673156738
D095,test,26.20177,26.4423392793479,26.5357883,26.1044406890869,26.700824307474,26.4790468136036,26.5517101287842
D096,train,27.68696,27.5872153725479,27.63649,27.6870422363281,27.9345670957224,27.5813567558401,27.4575138092041
D097,train,28.31465,28.4146022947086,28.0759857,28.3137531280518,28.1551662014281,28.0212238830162,28.1724395751953
D098,train,24.61074,25.5550909996699,24.9480364,24.6112422943115,23.516788936717,24.5007993117475,25.1576423645019
D099,train,24.93365,26.1244649422261,25.1201783,24.9336357116699,25.3051062098412,25.247093626935,25.5279712677002
D100,train,26.23803,25.9313718157353,25.8293504,26.2368698120117,25.898843834824,25.764463438018,25.7754287719727
D101,test,26.01851,27.3732767299038,27.0433499,27.5410594940186,26.759568476447,27.0834749804002,27.4490566253662
D102,train,29.30249,29.3061094737523,29.2201406,29.3039455413818,28.9591784163857,29.3050217099105,29.0557804107666
D103,train,26.41737,27.6023625610822,26.5983662,26.4171733856201,26.788439727476,26.5698395708436,27.0108852386475
D104,train,28.32396,29.388000853089,28.7656607,28.3248233795166,29.3220378572346,28.7880942417052,28.7104320526123
D105,train,27.89178,27.3433332668707,27.8855129,27.8919811248779,27.4299621117724,27.8257706930512,27.8278465270996
D106,train,28.08631,28.1862964657116,28.074795,28.0853862762451,28.2724565398873,28.1526732032482,28.2268543243408
D107,train,26.03664,26.7625446303782,26.2632846,26.0364952087402,27.0520562164245,26.3486230613446,26.2528953552246
D108,train,27.65364,27.7765782647406,27.8451075,27.6552448272705,28.0245556166329,27.9383648548963,27.903844833374
D109,train,26.10034,27.5180573949051,26.3607848,26.1020240783691,27.4036273040922,26.5069784682115,26.6379070281982
D110,test,29.65333,30.7097667825561,30.3725128,30.8025245666504,30.1879797223192,30.4707553984114,29.8015098571777
D111,test,29.84541,30.6273494752734,30.9961358,30.4928569793701,30.4974735729639,31.1513366844451,30.2333278656006
D112,train,28.96194,28.4245166607921,28.7000105,28.9640865325928,28.2875301897739,28.6962647370838,28.7024574279785
D113,train,28.90167,29.0515783291661,29.487955,28.9015884399414,29.6227447065817,29.6855006701926,29.4848480224609
D114,train,26.10377,27.6792413397889,27.0283069,26.1037578582764,28.0432761901365,27.2836182444179,27.0788288116455
D115,train,29.11433,29.0141633431933,29.2794159,29.1142978668213,29.1765425625613,29.09640663,29.0331783294678
D116,train,30.13794,30.0383603286665,32.0876304,30.138162612915,30.530286941833,31.5912417209322,30.8514881134033
